-- phpMyAdmin SQL Dump
-- version 4.9.0.1
-- https://www.phpmyadmin.net/
--
-- Host: 127.0.0.1
-- Generation Time: Aug 12, 2024 at 06:07 AM
-- Server version: 10.4.6-MariaDB
-- PHP Version: 7.3.9

SET SQL_MODE = "NO_AUTO_VALUE_ON_ZERO";
SET AUTOCOMMIT = 0;
START TRANSACTION;
SET time_zone = "+00:00";


/*!40101 SET @OLD_CHARACTER_SET_CLIENT=@@CHARACTER_SET_CLIENT */;
/*!40101 SET @OLD_CHARACTER_SET_RESULTS=@@CHARACTER_SET_RESULTS */;
/*!40101 SET @OLD_COLLATION_CONNECTION=@@COLLATION_CONNECTION */;
/*!40101 SET NAMES utf8mb4 */;

--
-- Database: `eoq_ida`
--

-- --------------------------------------------------------

--
-- Table structure for table `analisis`
--

CREATE TABLE `analisis` (
  `id_analisis` int(11) NOT NULL,
  `id_barang` int(11) NOT NULL,
  `periode` varchar(20) NOT NULL,
  `tahun` int(11) NOT NULL,
  `eoq` double NOT NULL,
  `rop` double NOT NULL,
  `jml_penggunaan` double NOT NULL,
  `ss` double NOT NULL,
  `lt` double NOT NULL
) ENGINE=InnoDB DEFAULT CHARSET=latin1;

-- --------------------------------------------------------

--
-- Table structure for table `barang`
--

CREATE TABLE `barang` (
  `id_barang` int(11) NOT NULL,
  `id_kategori` int(11) NOT NULL,
  `nama_barang` varchar(125) NOT NULL,
  `keterangan` varchar(30) NOT NULL,
  `harga_supplier` varchar(20) NOT NULL,
  `harga_jual` varchar(20) NOT NULL,
  `gambar` text NOT NULL,
  `stok_min` int(11) NOT NULL,
  `eoq_in` double NOT NULL,
  `stok_gudang` int(11) NOT NULL,
  `biaya_pemesanan` int(11) NOT NULL,
  `biaya_penyimpanan` int(11) NOT NULL
) ENGINE=InnoDB DEFAULT CHARSET=latin1;

--
-- Dumping data for table `barang`
--

INSERT INTO `barang` (`id_barang`, `id_kategori`, `nama_barang`, `keterangan`, `harga_supplier`, `harga_jual`, `gambar`, `stok_min`, `eoq_in`, `stok_gudang`, `biaya_pemesanan`, `biaya_penyimpanan`) VALUES
(1, 6, 'Barang A', 'pcs', '112471', '122471', 'fgf.jpg', 0, 0, 0, 40000, 7000),
(2, 3, 'Barang B', 'pcs', '146361', '156361', 'fgf.jpg', 77119, 11139, 80000, 40000, 7000),
(3, 1, 'Barang C', 'pcs', '113685', '123685', 'fgf.jpg', 4, 8, 0, 40000, 7000),
(4, 2, 'Barang D', 'pcs', '100431', '110431', 'fgf.jpg', 0, 0, 0, 40000, 7000),
(5, 3, 'Barang E', 'pcs', '198725', '208725', 'fgf.jpg', 0, 0, 0, 40000, 7000),
(6, 2, 'Barang F', 'pcs', '132284', '142284', 'fgf.jpg', 0, 0, 0, 40000, 7000),
(7, 5, 'Barang G', 'pcs', '247017', '257017', 'fgf.jpg', 0, 0, 0, 40000, 7000),
(8, 6, 'Barang H', 'pcs', '124774', '134774', 'fgf.jpg', 0, 0, 0, 40000, 7000),
(9, 6, 'Barang I', 'pcs', '214467', '224467', 'fgf.jpg', 0, 0, 0, 40000, 7000),
(10, 5, 'Barang J', 'pcs', '114212', '124212', 'fgf.jpg', 0, 0, 0, 40000, 7000),
(11, 6, 'Barang K', 'pcs', '244616', '254616', 'fgf.jpg', 0, 0, 0, 40000, 7000),
(12, 6, 'Barang L', 'pcs', '239311', '249311', 'fgf.jpg', 0, 0, 0, 40000, 7000),
(13, 6, 'Barang M', 'pcs', '197957', '207957', 'fgf.jpg', 0, 0, 0, 40000, 7000),
(14, 6, 'Barang N', 'pcs', '140001', '150001', 'fgf.jpg', 0, 0, 0, 40000, 7000),
(15, 4, 'Barang O', 'pcs', '213329', '223329', 'fgf.jpg', 0, 0, 0, 40000, 7000),
(16, 4, 'Barang P', 'pcs', '183753', '193753', 'fgf.jpg', 0, 0, 0, 40000, 7000),
(17, 6, 'Barang Q', 'pcs', '218602', '228602', 'fgf.jpg', 0, 0, 0, 40000, 7000);

-- --------------------------------------------------------

--
-- Table structure for table `barang_keluar`
--

CREATE TABLE `barang_keluar` (
  `id_bkeluar` int(11) NOT NULL,
  `tgl_keluar` varchar(20) NOT NULL,
  `total_bayar` varchar(20) NOT NULL
) ENGINE=InnoDB DEFAULT CHARSET=latin1;

--
-- Dumping data for table `barang_keluar`
--

INSERT INTO `barang_keluar` (`id_bkeluar`, `tgl_keluar`, `total_bayar`) VALUES
(1, '2022-01-01', '221807'),
(2, '2022-01-02', '139130'),
(3, '2022-01-03', '419973'),
(4, '2022-01-04', '233307'),
(5, '2022-01-05', '412785'),
(6, '2022-01-06', '262958'),
(7, '2022-01-07', '394384'),
(8, '2022-01-08', '529387'),
(9, '2022-01-09', '354211'),
(10, '2022-01-10', '106017'),
(11, '2022-01-11', '113208'),
(12, '2022-01-12', '367858'),
(13, '2022-01-13', '233744'),
(14, '2022-01-14', '269804'),
(15, '2022-01-15', '475015'),
(16, '2022-01-16', '354586'),
(17, '2022-01-17', '152275'),
(18, '2022-01-18', '409220'),
(19, '2022-01-19', '286461'),
(20, '2022-01-20', '320800'),
(21, '2022-01-21', '259350'),
(22, '2022-01-22', '539560'),
(23, '2022-01-23', '155600'),
(24, '2022-01-24', '475054'),
(25, '2022-01-25', '233559'),
(26, '2022-01-26', '477383'),
(27, '2022-01-27', '212248'),
(28, '2022-01-28', '289491'),
(29, '2022-01-29', '220053'),
(30, '2022-01-30', '243182'),
(31, '2022-01-31', '480478'),
(32, '2022-02-01', '103781'),
(33, '2022-02-02', '366446'),
(34, '2022-02-03', '264466'),
(35, '2022-02-04', '406218'),
(36, '2022-02-05', '303635'),
(37, '2022-02-06', '212154'),
(38, '2022-02-07', '443263'),
(39, '2022-02-08', '398791'),
(40, '2022-02-09', '270454'),
(41, '2022-02-10', '350174'),
(42, '2022-02-11', '384548'),
(43, '2022-02-12', '190602'),
(44, '2022-02-13', '123294'),
(45, '2022-02-14', '178519'),
(46, '2022-02-15', '343251'),
(47, '2022-02-16', '372503'),
(48, '2022-02-17', '417244'),
(49, '2022-02-18', '447896'),
(50, '2022-02-19', '265020'),
(51, '2022-02-20', '481691'),
(52, '2022-02-21', '484397'),
(53, '2022-02-22', '487133'),
(54, '2022-02-23', '472120'),
(55, '2022-02-24', '207485'),
(56, '2022-02-25', '442820'),
(57, '2022-02-26', '224831'),
(58, '2022-02-27', '215831'),
(59, '2022-02-28', '437249'),
(60, '2022-03-01', '236413'),
(61, '2022-03-02', '441041'),
(62, '2022-03-03', '275432'),
(63, '2022-03-04', '208697'),
(64, '2022-03-05', '276208'),
(65, '2022-03-06', '536683'),
(66, '2022-03-07', '334342'),
(67, '2022-03-08', '143301'),
(68, '2022-03-09', '408136'),
(69, '2022-03-10', '306166'),
(70, '2022-03-11', '146444'),
(71, '2022-03-12', '532298'),
(72, '2022-03-13', '164217'),
(73, '2022-03-14', '137272'),
(74, '2022-03-15', '126143'),
(75, '2022-03-16', '133073'),
(76, '2022-03-17', '350346'),
(77, '2022-03-18', '327122'),
(78, '2022-03-19', '289853'),
(79, '2022-03-20', '145202'),
(80, '2022-03-21', '186059'),
(81, '2022-03-22', '259960'),
(82, '2022-03-23', '231493'),
(83, '2022-03-24', '410175'),
(84, '2022-03-25', '194425'),
(85, '2022-03-26', '335989'),
(86, '2022-03-27', '325835'),
(87, '2022-03-28', '418008'),
(88, '2022-03-29', '362243'),
(89, '2022-03-30', '370604'),
(90, '2022-03-31', '161791'),
(91, '2022-04-01', '442912'),
(92, '2022-04-02', '472487'),
(93, '2022-04-03', '343852'),
(94, '2022-04-04', '342242'),
(95, '2022-04-05', '398417'),
(96, '2022-04-06', '342122'),
(97, '2022-04-07', '196052'),
(98, '2022-04-08', '264391'),
(99, '2022-04-09', '206301'),
(100, '2022-04-10', '101342'),
(101, '2022-04-11', '404252'),
(102, '2022-04-12', '502985'),
(103, '2022-04-13', '512316'),
(104, '2022-04-14', '441774'),
(105, '2022-04-15', '201296'),
(106, '2022-04-16', '273587'),
(107, '2022-04-17', '317740'),
(108, '2022-04-18', '244459'),
(109, '2022-04-19', '181219'),
(110, '2022-04-20', '161105'),
(111, '2022-04-21', '536693'),
(112, '2022-04-22', '161543'),
(113, '2022-04-23', '447120'),
(114, '2022-04-24', '345197'),
(115, '2022-04-25', '109429'),
(116, '2022-04-26', '331304'),
(117, '2022-04-27', '281884'),
(118, '2022-04-28', '249315'),
(119, '2022-04-29', '390327'),
(120, '2022-04-30', '227449'),
(121, '2022-05-01', '403800'),
(122, '2022-05-02', '314114'),
(123, '2022-05-03', '122758'),
(124, '2022-05-04', '513019'),
(125, '2022-05-05', '146774'),
(126, '2022-05-06', '240301'),
(127, '2022-05-07', '424799'),
(128, '2022-05-08', '108832'),
(129, '2022-05-09', '522835'),
(130, '2022-05-10', '121508'),
(131, '2022-05-11', '258080'),
(132, '2022-05-12', '454650'),
(133, '2022-05-13', '287784'),
(134, '2022-05-14', '346999'),
(135, '2022-05-15', '155091'),
(136, '2022-05-16', '350710'),
(137, '2022-05-17', '346494'),
(138, '2022-05-18', '246785'),
(139, '2022-05-19', '393676'),
(140, '2022-05-20', '472302'),
(141, '2022-05-21', '308663'),
(142, '2022-05-22', '133878'),
(143, '2022-05-23', '451926'),
(144, '2022-05-24', '388784'),
(145, '2022-05-25', '310753'),
(146, '2022-05-26', '190942'),
(147, '2022-05-27', '469308'),
(148, '2022-05-28', '280021'),
(149, '2022-05-29', '456760'),
(150, '2022-05-30', '499548'),
(151, '2022-05-31', '310038'),
(152, '2022-06-01', '310852'),
(153, '2022-06-02', '420234'),
(154, '2022-06-03', '329141'),
(155, '2022-06-04', '476413'),
(156, '2022-06-05', '144423'),
(157, '2022-06-06', '362427'),
(158, '2022-06-07', '359701'),
(159, '2022-06-08', '139042'),
(160, '2022-06-09', '342813'),
(161, '2022-06-10', '528840'),
(162, '2022-06-11', '391201'),
(163, '2022-06-12', '104868'),
(164, '2022-06-13', '424780'),
(165, '2022-06-14', '337108'),
(166, '2022-06-15', '359515'),
(167, '2022-06-16', '295730'),
(168, '2022-06-17', '353835'),
(169, '2022-06-18', '416745'),
(170, '2022-06-19', '454958'),
(171, '2022-06-20', '101842'),
(172, '2022-06-21', '175430'),
(173, '2022-06-22', '250998'),
(174, '2022-06-23', '362216'),
(175, '2022-06-24', '175646'),
(176, '2022-06-25', '150050'),
(177, '2022-06-26', '369327'),
(178, '2022-06-27', '177023'),
(179, '2022-06-28', '470109'),
(180, '2022-06-29', '158301'),
(181, '2022-06-30', '399767'),
(182, '2022-07-01', '481241'),
(183, '2022-07-02', '162407'),
(184, '2022-07-03', '323635'),
(185, '2022-07-04', '515123'),
(186, '2022-07-05', '176939'),
(187, '2022-07-06', '225226'),
(188, '2022-07-07', '415501'),
(189, '2022-07-08', '463592'),
(190, '2022-07-09', '317281'),
(191, '2022-07-10', '114801'),
(192, '2022-07-11', '534936'),
(193, '2022-07-12', '125722'),
(194, '2022-07-13', '115355'),
(195, '2022-07-14', '269290'),
(196, '2022-07-15', '305962'),
(197, '2022-07-16', '276596'),
(198, '2022-07-17', '238979'),
(199, '2022-07-18', '164898'),
(200, '2022-07-19', '132991'),
(201, '2022-07-20', '388298'),
(202, '2022-07-21', '499972'),
(203, '2022-07-22', '275432'),
(204, '2022-07-23', '331887'),
(205, '2022-07-24', '368760'),
(206, '2022-07-25', '261401'),
(207, '2022-07-26', '482507'),
(208, '2022-07-27', '490898'),
(209, '2022-07-28', '355441'),
(210, '2022-07-29', '139254'),
(211, '2022-07-30', '531305'),
(212, '2022-07-31', '139177'),
(213, '2022-08-01', '297322'),
(214, '2022-08-02', '423468'),
(215, '2022-08-03', '134662'),
(216, '2022-08-04', '451381'),
(217, '2022-08-05', '539771'),
(218, '2022-08-06', '190679'),
(219, '2022-08-07', '209794'),
(220, '2022-08-08', '488635'),
(221, '2022-08-09', '369362'),
(222, '2022-08-10', '355663'),
(223, '2022-08-11', '458062'),
(224, '2022-08-12', '460917'),
(225, '2022-08-13', '242256'),
(226, '2022-08-14', '388594'),
(227, '2022-08-15', '313444'),
(228, '2022-08-16', '392209'),
(229, '2022-08-17', '189974'),
(230, '2022-08-18', '342088'),
(231, '2022-08-19', '506798'),
(232, '2022-08-20', '422927'),
(233, '2022-08-21', '416328'),
(234, '2022-08-22', '389690'),
(235, '2022-08-23', '507502'),
(236, '2022-08-24', '439277'),
(237, '2022-08-25', '226405'),
(238, '2022-08-26', '109014'),
(239, '2022-08-27', '153461'),
(240, '2022-08-28', '403926'),
(241, '2022-08-29', '277580'),
(242, '2022-08-30', '351368'),
(243, '2022-08-31', '441146'),
(244, '2022-09-01', '505149'),
(245, '2022-09-02', '517818'),
(246, '2022-09-03', '298550'),
(247, '2022-09-04', '247571'),
(248, '2022-09-05', '268154'),
(249, '2022-09-06', '168032'),
(250, '2022-09-07', '429383'),
(251, '2022-09-08', '384106'),
(252, '2022-09-09', '168120'),
(253, '2022-09-10', '526871'),
(254, '2022-09-11', '406509'),
(255, '2022-09-12', '533138'),
(256, '2022-09-13', '466048'),
(257, '2022-09-14', '472096'),
(258, '2022-09-15', '345643'),
(259, '2022-09-16', '287729'),
(260, '2022-09-17', '171422'),
(261, '2022-09-18', '469253'),
(262, '2022-09-19', '323044'),
(263, '2022-09-20', '220630'),
(264, '2022-09-21', '419764'),
(265, '2022-09-22', '290700'),
(266, '2022-09-23', '310694'),
(267, '2022-09-24', '364016'),
(268, '2022-09-25', '288876'),
(269, '2022-09-26', '151067'),
(270, '2022-09-27', '435680'),
(271, '2022-09-28', '510089'),
(272, '2022-09-29', '118788'),
(273, '2022-09-30', '209706'),
(274, '2022-10-01', '228222'),
(275, '2022-10-02', '159170'),
(276, '2022-10-03', '418296'),
(277, '2022-10-04', '135431'),
(278, '2022-10-05', '190880'),
(279, '2022-10-06', '152357'),
(280, '2022-10-07', '472983'),
(281, '2022-10-08', '411208'),
(282, '2022-10-09', '324953'),
(283, '2022-10-10', '392694'),
(284, '2022-10-11', '229076'),
(285, '2022-10-12', '242508'),
(286, '2022-10-13', '333990'),
(287, '2022-10-14', '441469'),
(288, '2022-10-15', '354623'),
(289, '2022-10-16', '415348'),
(290, '2022-10-17', '488793'),
(291, '2022-10-18', '448283'),
(292, '2022-10-19', '197114'),
(293, '2022-10-20', '348411'),
(294, '2022-10-21', '220536'),
(295, '2022-10-22', '172166'),
(296, '2022-10-23', '497894'),
(297, '2022-10-24', '118921'),
(298, '2022-10-25', '288738'),
(299, '2022-10-26', '358203'),
(300, '2022-10-27', '354562'),
(301, '2022-10-28', '111325'),
(302, '2022-10-29', '513952'),
(303, '2022-10-30', '291907'),
(304, '2022-10-31', '339894'),
(305, '2022-11-01', '344171'),
(306, '2022-11-02', '481519'),
(307, '2022-11-03', '200716'),
(308, '2022-11-04', '302196'),
(309, '2022-11-05', '122600'),
(310, '2022-11-06', '364852'),
(311, '2022-11-07', '437153'),
(312, '2022-11-08', '269786'),
(313, '2022-11-09', '504827'),
(314, '2022-11-10', '214358'),
(315, '2022-11-11', '202577'),
(316, '2022-11-12', '146523'),
(317, '2022-11-13', '156808'),
(318, '2022-11-14', '206850'),
(319, '2022-11-15', '271649'),
(320, '2022-11-16', '489886'),
(321, '2022-11-17', '474856'),
(322, '2022-11-18', '116234'),
(323, '2022-11-19', '311983'),
(324, '2022-11-20', '199993'),
(325, '2022-11-21', '168033'),
(326, '2022-11-22', '264428'),
(327, '2022-11-23', '252010'),
(328, '2022-11-24', '446497'),
(329, '2022-11-25', '244219'),
(330, '2022-11-26', '137766'),
(331, '2022-11-27', '338163'),
(332, '2022-11-28', '173619'),
(333, '2022-11-29', '436477'),
(334, '2022-11-30', '454024'),
(335, '2022-12-01', '144542'),
(336, '2022-12-02', '205631'),
(337, '2022-12-03', '284364'),
(338, '2022-12-04', '115414'),
(339, '2022-12-05', '361039'),
(340, '2022-12-06', '390742'),
(341, '2022-12-07', '167918'),
(342, '2022-12-08', '505763'),
(343, '2022-12-09', '276659'),
(344, '2022-12-10', '104222'),
(345, '2022-12-11', '204719'),
(346, '2022-12-12', '388647'),
(347, '2022-12-13', '359658'),
(348, '2022-12-14', '486065'),
(349, '2022-12-15', '342281'),
(350, '2022-12-16', '199769'),
(351, '2022-12-17', '437683'),
(352, '2022-12-18', '511382'),
(353, '2022-12-19', '329510'),
(354, '2022-12-20', '267943'),
(355, '2022-12-21', '467016'),
(356, '2022-12-22', '295033'),
(357, '2022-12-23', '136173'),
(358, '2022-12-24', '233235'),
(359, '2022-12-25', '131225'),
(360, '2022-12-26', '153102'),
(361, '2022-12-27', '122855'),
(362, '2022-12-28', '250180'),
(363, '2022-12-29', '318707'),
(364, '2022-12-30', '198028'),
(365, '2022-12-31', '483834'),
(366, '2023-01-01', '132875'),
(367, '2023-01-02', '442955'),
(368, '2023-01-03', '341845'),
(369, '2023-01-04', '522949'),
(370, '2023-01-05', '113709'),
(371, '2023-01-06', '539421'),
(372, '2023-01-07', '463159'),
(373, '2023-01-08', '439656'),
(374, '2023-01-09', '249950'),
(375, '2023-01-10', '362004'),
(376, '2023-01-11', '295816'),
(377, '2023-01-12', '415855'),
(378, '2023-01-13', '249499'),
(379, '2023-01-14', '457394'),
(380, '2023-01-15', '182164'),
(381, '2023-01-16', '358188'),
(382, '2023-01-17', '334768'),
(383, '2023-01-18', '515855'),
(384, '2023-01-19', '406063'),
(385, '2023-01-20', '399314'),
(386, '2023-01-21', '353989'),
(387, '2023-01-22', '521714'),
(388, '2023-01-23', '208207'),
(389, '2023-01-24', '303410'),
(390, '2023-01-25', '373035'),
(391, '2023-01-26', '130739'),
(392, '2023-01-27', '150283'),
(393, '2023-01-28', '443919'),
(394, '2023-01-29', '123971'),
(395, '2023-01-30', '391621'),
(396, '2023-01-31', '252159'),
(397, '2023-02-01', '120964'),
(398, '2023-02-02', '388068'),
(399, '2023-02-03', '199452'),
(400, '2023-02-04', '419729'),
(401, '2023-02-05', '239244'),
(402, '2023-02-06', '506084'),
(403, '2023-02-07', '314541'),
(404, '2023-02-08', '499018'),
(405, '2023-02-09', '161669'),
(406, '2023-02-10', '189044'),
(407, '2023-02-11', '182821'),
(408, '2023-02-12', '241682'),
(409, '2023-02-13', '374627'),
(410, '2023-02-14', '141618'),
(411, '2023-02-15', '298823'),
(412, '2023-02-16', '311704'),
(413, '2023-02-17', '519036'),
(414, '2023-02-18', '538605'),
(415, '2023-02-19', '138007'),
(416, '2023-02-20', '197824'),
(417, '2023-02-21', '268562'),
(418, '2023-02-22', '430406'),
(419, '2023-02-23', '458415'),
(420, '2023-02-24', '492621'),
(421, '2023-02-25', '180879'),
(422, '2023-02-26', '164619'),
(423, '2023-02-27', '301065'),
(424, '2023-02-28', '378654'),
(425, '2023-03-01', '157653'),
(426, '2023-03-02', '149632'),
(427, '2023-03-03', '242197'),
(428, '2023-03-04', '252420'),
(429, '2023-03-05', '128454'),
(430, '2023-03-06', '232650'),
(431, '2023-03-07', '448223'),
(432, '2023-03-08', '290920'),
(433, '2023-03-09', '404512'),
(434, '2023-03-10', '493191'),
(435, '2023-03-11', '181622'),
(436, '2023-03-12', '243865'),
(437, '2023-03-13', '211369'),
(438, '2023-03-14', '402832'),
(439, '2023-03-15', '223275'),
(440, '2023-03-16', '462627'),
(441, '2023-03-17', '229855'),
(442, '2023-03-18', '179766'),
(443, '2023-03-19', '478778'),
(444, '2023-03-20', '505520'),
(445, '2023-03-21', '404456'),
(446, '2023-03-22', '411145'),
(447, '2023-03-23', '147828'),
(448, '2023-03-24', '199150'),
(449, '2023-03-25', '361375'),
(450, '2023-03-26', '406108'),
(451, '2023-03-27', '298674'),
(452, '2023-03-28', '463633'),
(453, '2023-03-29', '508478'),
(454, '2023-03-30', '416617'),
(455, '2023-03-31', '103208'),
(456, '2023-04-01', '499217'),
(457, '2023-04-02', '529662'),
(458, '2023-04-03', '104978'),
(459, '2023-04-04', '406328'),
(460, '2023-04-05', '379394'),
(461, '2023-04-06', '264975'),
(462, '2023-04-07', '494915'),
(463, '2023-04-08', '100410'),
(464, '2023-04-09', '366566'),
(465, '2023-04-10', '439054'),
(466, '2023-04-11', '188403'),
(467, '2023-04-12', '167033'),
(468, '2023-04-13', '388656'),
(469, '2023-04-14', '234953'),
(470, '2023-04-15', '483690'),
(471, '2023-04-16', '175277'),
(472, '2023-04-17', '161299'),
(473, '2023-04-18', '244576'),
(474, '2023-04-19', '169496'),
(475, '2023-04-20', '179665'),
(476, '2023-04-21', '430040'),
(477, '2023-04-22', '183827'),
(478, '2023-04-23', '418664'),
(479, '2023-04-24', '211927'),
(480, '2023-04-25', '330139'),
(481, '2023-04-26', '455584'),
(482, '2023-04-27', '192679'),
(483, '2023-04-28', '186406'),
(484, '2023-04-29', '117703'),
(485, '2023-04-30', '218881'),
(486, '2023-05-01', '319079'),
(487, '2023-05-02', '296509'),
(488, '2023-05-03', '407882'),
(489, '2023-05-04', '239739'),
(490, '2023-05-05', '244554'),
(491, '2023-05-06', '443888'),
(492, '2023-05-07', '197086'),
(493, '2023-05-08', '277917'),
(494, '2023-05-09', '324002'),
(495, '2023-05-10', '274471'),
(496, '2023-05-11', '277161'),
(497, '2023-05-12', '452328'),
(498, '2023-05-13', '538211'),
(499, '2023-05-14', '359258'),
(500, '2023-05-15', '361134'),
(501, '2023-05-16', '535601'),
(502, '2023-05-17', '284476'),
(503, '2023-05-18', '467832'),
(504, '2023-05-19', '202695'),
(505, '2023-05-20', '514603'),
(506, '2023-05-21', '459663'),
(507, '2023-05-22', '394379'),
(508, '2023-05-23', '295551'),
(509, '2023-05-24', '291386'),
(510, '2023-05-25', '235550'),
(511, '2023-05-26', '191575'),
(512, '2023-05-27', '533521'),
(513, '2023-05-28', '524207'),
(514, '2023-05-29', '500236'),
(515, '2023-05-30', '388669'),
(516, '2023-05-31', '302790'),
(517, '2023-06-01', '456176'),
(518, '2023-06-02', '218388'),
(519, '2023-06-03', '530743'),
(520, '2023-06-04', '293915'),
(521, '2023-06-05', '427069'),
(522, '2023-06-06', '141616'),
(523, '2023-06-07', '357699'),
(524, '2023-06-08', '172131'),
(525, '2023-06-09', '195894'),
(526, '2023-06-10', '488390'),
(527, '2023-06-11', '173694'),
(528, '2023-06-12', '528145'),
(529, '2023-06-13', '109521'),
(530, '2023-06-14', '495619'),
(531, '2023-06-15', '461482'),
(532, '2023-06-16', '366333'),
(533, '2023-06-17', '415164'),
(534, '2023-06-18', '463020'),
(535, '2023-06-19', '247994'),
(536, '2023-06-20', '450692'),
(537, '2023-06-21', '388635'),
(538, '2023-06-22', '137556'),
(539, '2023-06-23', '468052'),
(540, '2023-06-24', '102938'),
(541, '2023-06-25', '286909'),
(542, '2023-06-26', '331244'),
(543, '2023-06-27', '113013'),
(544, '2023-06-28', '267977'),
(545, '2023-06-29', '204782'),
(546, '2023-06-30', '231737'),
(547, '2023-07-01', '259171'),
(548, '2023-07-02', '171128'),
(549, '2023-07-03', '505805'),
(550, '2023-07-04', '413824'),
(551, '2023-07-05', '344777'),
(552, '2023-07-06', '200784'),
(553, '2023-07-07', '429731'),
(554, '2023-07-08', '204742'),
(555, '2023-07-09', '256403'),
(556, '2023-07-10', '123066'),
(557, '2023-07-11', '368233'),
(558, '2023-07-12', '249071'),
(559, '2023-07-13', '413185'),
(560, '2023-07-14', '419005'),
(561, '2023-07-15', '342987'),
(562, '2023-07-16', '108671'),
(563, '2023-07-17', '137101'),
(564, '2023-07-18', '136407'),
(565, '2023-07-19', '501324'),
(566, '2023-07-20', '166456'),
(567, '2023-07-21', '129636'),
(568, '2023-07-22', '518995'),
(569, '2023-07-23', '371274'),
(570, '2023-07-24', '132300'),
(571, '2023-07-25', '254834'),
(572, '2023-07-26', '511899'),
(573, '2023-07-27', '507712'),
(574, '2023-07-28', '154303'),
(575, '2023-07-29', '507640'),
(576, '2023-07-30', '122368'),
(577, '2023-07-31', '187205'),
(578, '2023-08-01', '531381'),
(579, '2023-08-02', '399774'),
(580, '2023-08-03', '245020'),
(581, '2023-08-04', '174319'),
(582, '2023-08-05', '211330'),
(583, '2023-08-06', '140767'),
(584, '2023-08-07', '254476'),
(585, '2023-08-08', '329560'),
(586, '2023-08-09', '538524'),
(587, '2023-08-10', '322005'),
(588, '2023-08-11', '298141'),
(589, '2023-08-12', '280618'),
(590, '2023-08-13', '135910'),
(591, '2023-08-14', '239219'),
(592, '2023-08-15', '355525'),
(593, '2023-08-16', '398841'),
(594, '2023-08-17', '357729'),
(595, '2023-08-18', '219080'),
(596, '2023-08-19', '348780'),
(597, '2023-08-20', '449792'),
(598, '2023-08-21', '158811'),
(599, '2023-08-22', '373994'),
(600, '2023-08-23', '445902'),
(601, '2023-08-24', '322060'),
(602, '2023-08-25', '287547'),
(603, '2023-08-26', '460495'),
(604, '2023-08-27', '127282'),
(605, '2023-08-28', '196025'),
(606, '2023-08-29', '166743'),
(607, '2023-08-30', '313948'),
(608, '2023-08-31', '359457'),
(609, '2023-09-01', '431167'),
(610, '2023-09-02', '206271'),
(611, '2023-09-03', '229100'),
(612, '2023-09-04', '158763'),
(613, '2023-09-05', '427755'),
(614, '2023-09-06', '151650'),
(615, '2023-09-07', '432063'),
(616, '2023-09-08', '161661'),
(617, '2023-09-09', '360669'),
(618, '2023-09-10', '330764'),
(619, '2023-09-11', '535554'),
(620, '2023-09-12', '230743'),
(621, '2023-09-13', '393978'),
(622, '2023-09-14', '338023'),
(623, '2023-09-15', '141015'),
(624, '2023-09-16', '115147'),
(625, '2023-09-17', '397336'),
(626, '2023-09-18', '232110'),
(627, '2023-09-19', '172340'),
(628, '2023-09-20', '477649'),
(629, '2023-09-21', '201188'),
(630, '2023-09-22', '197309'),
(631, '2023-09-23', '368493'),
(632, '2023-09-24', '365792'),
(633, '2023-09-25', '287737'),
(634, '2023-09-26', '450662'),
(635, '2023-09-27', '344944'),
(636, '2023-09-28', '109603'),
(637, '2023-09-29', '312784'),
(638, '2023-09-30', '375306'),
(639, '2023-10-01', '288858'),
(640, '2023-10-02', '169258'),
(641, '2023-10-03', '494467'),
(642, '2023-10-04', '403603'),
(643, '2023-10-05', '204653'),
(644, '2023-10-06', '256626'),
(645, '2023-10-07', '527060'),
(646, '2023-10-08', '168473'),
(647, '2023-10-09', '104152'),
(648, '2023-10-10', '278888'),
(649, '2023-10-11', '158871'),
(650, '2023-10-12', '167486'),
(651, '2023-10-13', '534659'),
(652, '2023-10-14', '153858'),
(653, '2023-10-15', '510127'),
(654, '2023-10-16', '296550'),
(655, '2023-10-17', '292286'),
(656, '2023-10-18', '188537'),
(657, '2023-10-19', '248228'),
(658, '2023-10-20', '245578'),
(659, '2023-10-21', '391746'),
(660, '2023-10-22', '242350'),
(661, '2023-10-23', '364250'),
(662, '2023-10-24', '525303'),
(663, '2023-10-25', '340203'),
(664, '2023-10-26', '426955'),
(665, '2023-10-27', '527973'),
(666, '2023-10-28', '169293'),
(667, '2023-10-29', '240406'),
(668, '2023-10-30', '413186'),
(669, '2023-10-31', '370502'),
(670, '2023-11-01', '391134'),
(671, '2023-11-02', '120513'),
(672, '2023-11-03', '308586'),
(673, '2023-11-04', '200025'),
(674, '2023-11-05', '135963'),
(675, '2023-11-06', '194039'),
(676, '2023-11-07', '292314'),
(677, '2023-11-08', '429798'),
(678, '2023-11-09', '115243'),
(679, '2023-11-10', '238784'),
(680, '2023-11-11', '286583'),
(681, '2023-11-12', '378113'),
(682, '2023-11-13', '414491'),
(683, '2023-11-14', '260363'),
(684, '2023-11-15', '329683'),
(685, '2023-11-16', '411053'),
(686, '2023-11-17', '159242'),
(687, '2023-11-18', '357512'),
(688, '2023-11-19', '210509'),
(689, '2023-11-20', '455361'),
(690, '2023-11-21', '376835'),
(691, '2023-11-22', '112261'),
(692, '2023-11-23', '456996'),
(693, '2023-11-24', '418651'),
(694, '2023-11-25', '518254'),
(695, '2023-11-26', '165186'),
(696, '2023-11-27', '197206'),
(697, '2023-11-28', '234134'),
(698, '2023-11-29', '422463'),
(699, '2023-11-30', '478792'),
(700, '2023-12-01', '415231'),
(701, '2023-12-02', '157435'),
(702, '2023-12-03', '164344'),
(703, '2023-12-04', '471892'),
(704, '2023-12-05', '203066'),
(705, '2023-12-06', '492758'),
(706, '2023-12-07', '222524'),
(707, '2023-12-08', '487847'),
(708, '2023-12-09', '366035'),
(709, '2023-12-10', '262563'),
(710, '2023-12-11', '503358'),
(711, '2023-12-12', '303993'),
(712, '2023-12-13', '210240'),
(713, '2023-12-14', '335373'),
(714, '2023-12-15', '463340'),
(715, '2023-12-16', '450054'),
(716, '2023-12-17', '142918'),
(717, '2023-12-18', '492534'),
(718, '2023-12-19', '418851'),
(719, '2023-12-20', '507492'),
(720, '2023-12-21', '299846'),
(721, '2023-12-22', '317512'),
(722, '2023-12-23', '538397'),
(723, '2023-12-24', '527763'),
(724, '2023-12-25', '369329'),
(725, '2023-12-26', '217893'),
(726, '2023-12-27', '351444'),
(727, '2023-12-28', '185205'),
(728, '2023-12-29', '359942'),
(729, '2023-12-30', '287076'),
(730, '2023-12-31', '415589');

-- --------------------------------------------------------

--
-- Table structure for table `dbarang_keluar`
--

CREATE TABLE `dbarang_keluar` (
  `id_dbarang` int(11) NOT NULL,
  `id_bkeluar` int(11) NOT NULL,
  `id_barang` int(11) NOT NULL,
  `jumlah` int(11) NOT NULL
) ENGINE=InnoDB DEFAULT CHARSET=latin1;

--
-- Dumping data for table `dbarang_keluar`
--

INSERT INTO `dbarang_keluar` (`id_dbarang`, `id_bkeluar`, `id_barang`, `jumlah`) VALUES
(1, 1, 5, 3),
(2, 2, 6, 1),
(3, 3, 4, 1),
(4, 4, 16, 4),
(5, 5, 10, 3),
(6, 6, 14, 3),
(7, 7, 5, 1),
(8, 8, 17, 4),
(9, 9, 13, 4),
(10, 10, 12, 3),
(11, 11, 9, 4),
(12, 12, 12, 3),
(13, 13, 10, 2),
(14, 14, 17, 4),
(15, 15, 16, 1),
(16, 16, 4, 3),
(17, 17, 16, 4),
(18, 18, 16, 1),
(19, 19, 14, 1),
(20, 20, 8, 4),
(21, 21, 9, 3),
(22, 22, 8, 2),
(23, 23, 10, 1),
(24, 24, 12, 2),
(25, 25, 1, 3),
(26, 26, 1, 4),
(27, 27, 2, 3),
(28, 28, 1, 4),
(29, 29, 8, 1),
(30, 30, 14, 1),
(31, 31, 1, 4),
(32, 32, 9, 2),
(33, 33, 14, 3),
(34, 34, 9, 4),
(35, 35, 6, 2),
(36, 36, 7, 3),
(37, 37, 14, 4),
(38, 38, 4, 1),
(39, 39, 2, 2),
(40, 40, 3, 4),
(41, 41, 3, 3),
(42, 42, 1, 3),
(43, 43, 11, 2),
(44, 44, 6, 4),
(45, 45, 16, 2),
(46, 46, 1, 4),
(47, 47, 15, 1),
(48, 48, 17, 2),
(49, 49, 17, 3),
(50, 50, 14, 2),
(51, 51, 16, 1),
(52, 52, 8, 1),
(53, 53, 5, 4),
(54, 54, 12, 1),
(55, 55, 5, 4),
(56, 56, 11, 1),
(57, 57, 17, 3),
(58, 58, 14, 1),
(59, 59, 16, 1),
(60, 60, 14, 3),
(61, 61, 8, 2),
(62, 62, 7, 3),
(63, 63, 3, 1),
(64, 64, 15, 2),
(65, 65, 10, 2),
(66, 66, 14, 2),
(67, 67, 4, 3),
(68, 68, 5, 4),
(69, 69, 16, 3),
(70, 70, 11, 2),
(71, 71, 9, 4),
(72, 72, 15, 3),
(73, 73, 12, 3),
(74, 74, 11, 3),
(75, 75, 2, 4),
(76, 76, 6, 2),
(77, 77, 14, 4),
(78, 78, 14, 1),
(79, 79, 17, 4),
(80, 80, 1, 2),
(81, 81, 6, 1),
(82, 82, 15, 1),
(83, 83, 9, 4),
(84, 84, 8, 4),
(85, 85, 3, 3),
(86, 86, 6, 4),
(87, 87, 8, 1),
(88, 88, 2, 1),
(89, 89, 7, 1),
(90, 90, 8, 1),
(91, 91, 7, 2),
(92, 92, 1, 2),
(93, 93, 7, 4),
(94, 94, 7, 4),
(95, 95, 4, 4),
(96, 96, 16, 4),
(97, 97, 9, 4),
(98, 98, 13, 1),
(99, 99, 9, 2),
(100, 100, 12, 1),
(101, 101, 12, 3),
(102, 102, 13, 4),
(103, 103, 17, 2),
(104, 104, 14, 4),
(105, 105, 1, 3),
(106, 106, 16, 3),
(107, 107, 9, 2),
(108, 108, 2, 2),
(109, 109, 8, 2),
(110, 110, 3, 1),
(111, 111, 5, 3),
(112, 112, 13, 4),
(113, 113, 8, 4),
(114, 114, 5, 1),
(115, 115, 10, 1),
(116, 116, 3, 4),
(117, 117, 2, 3),
(118, 118, 5, 4),
(119, 119, 7, 4),
(120, 120, 7, 4),
(121, 121, 17, 1),
(122, 122, 13, 1),
(123, 123, 11, 2),
(124, 124, 7, 2),
(125, 125, 3, 3),
(126, 126, 11, 3),
(127, 127, 13, 4),
(128, 128, 4, 2),
(129, 129, 2, 3),
(130, 130, 5, 3),
(131, 131, 6, 3),
(132, 132, 7, 4),
(133, 133, 14, 3),
(134, 134, 12, 2),
(135, 135, 11, 2),
(136, 136, 8, 4),
(137, 137, 1, 2),
(138, 138, 11, 3),
(139, 139, 8, 3),
(140, 140, 8, 2),
(141, 141, 3, 4),
(142, 142, 4, 4),
(143, 143, 9, 2),
(144, 144, 16, 2),
(145, 145, 6, 3),
(146, 146, 5, 3),
(147, 147, 4, 1),
(148, 148, 11, 3),
(149, 149, 6, 2),
(150, 150, 17, 2),
(151, 151, 1, 1),
(152, 152, 9, 3),
(153, 153, 10, 2),
(154, 154, 10, 1),
(155, 155, 7, 3),
(156, 156, 16, 4),
(157, 157, 10, 1),
(158, 158, 11, 2),
(159, 159, 11, 1),
(160, 160, 6, 4),
(161, 161, 15, 3),
(162, 162, 1, 3),
(163, 163, 5, 4),
(164, 164, 5, 3),
(165, 165, 12, 1),
(166, 166, 14, 4),
(167, 167, 1, 1),
(168, 168, 11, 1),
(169, 169, 1, 3),
(170, 170, 5, 1),
(171, 171, 14, 1),
(172, 172, 2, 3),
(173, 173, 1, 2),
(174, 174, 15, 2),
(175, 175, 2, 4),
(176, 176, 9, 2),
(177, 177, 4, 3),
(178, 178, 14, 2),
(179, 179, 13, 4),
(180, 180, 14, 1),
(181, 181, 1, 2),
(182, 182, 15, 2),
(183, 183, 1, 2),
(184, 184, 2, 4),
(185, 185, 13, 1),
(186, 186, 6, 4),
(187, 187, 11, 4),
(188, 188, 13, 1),
(189, 189, 2, 4),
(190, 190, 15, 3),
(191, 191, 16, 3),
(192, 192, 14, 4),
(193, 193, 17, 4),
(194, 194, 15, 1),
(195, 195, 10, 2),
(196, 196, 12, 3),
(197, 197, 2, 2),
(198, 198, 14, 1),
(199, 199, 8, 4),
(200, 200, 10, 4),
(201, 201, 11, 3),
(202, 202, 5, 3),
(203, 203, 14, 3),
(204, 204, 13, 1),
(205, 205, 16, 3),
(206, 206, 13, 1),
(207, 207, 14, 2),
(208, 208, 13, 2),
(209, 209, 12, 4),
(210, 210, 17, 3),
(211, 211, 9, 3),
(212, 212, 8, 4),
(213, 213, 11, 2),
(214, 214, 6, 3),
(215, 215, 2, 4),
(216, 216, 11, 1),
(217, 217, 10, 3),
(218, 218, 9, 4),
(219, 219, 13, 1),
(220, 220, 11, 4),
(221, 221, 14, 2),
(222, 222, 17, 2),
(223, 223, 11, 3),
(224, 224, 6, 2),
(225, 225, 10, 4),
(226, 226, 7, 1),
(227, 227, 2, 1),
(228, 228, 17, 1),
(229, 229, 5, 2),
(230, 230, 12, 1),
(231, 231, 5, 2),
(232, 232, 17, 2),
(233, 233, 1, 2),
(234, 234, 10, 1),
(235, 235, 7, 1),
(236, 236, 17, 1),
(237, 237, 5, 1),
(238, 238, 2, 4),
(239, 239, 13, 4),
(240, 240, 7, 1),
(241, 241, 3, 1),
(242, 242, 4, 2),
(243, 243, 11, 4),
(244, 244, 14, 1),
(245, 245, 1, 3),
(246, 246, 7, 4),
(247, 247, 11, 1),
(248, 248, 10, 2),
(249, 249, 17, 2),
(250, 250, 16, 3),
(251, 251, 14, 4),
(252, 252, 9, 1),
(253, 253, 12, 4),
(254, 254, 8, 4),
(255, 255, 13, 1),
(256, 256, 16, 1),
(257, 257, 12, 1),
(258, 258, 10, 1),
(259, 259, 16, 3),
(260, 260, 16, 4),
(261, 261, 6, 3),
(262, 262, 8, 4),
(263, 263, 2, 1),
(264, 264, 11, 4),
(265, 265, 12, 3),
(266, 266, 16, 2),
(267, 267, 6, 1),
(268, 268, 1, 1),
(269, 269, 7, 3),
(270, 270, 5, 4),
(271, 271, 16, 1),
(272, 272, 8, 4),
(273, 273, 12, 2),
(274, 274, 8, 4),
(275, 275, 13, 4),
(276, 276, 8, 2),
(277, 277, 9, 2),
(278, 278, 14, 2),
(279, 279, 11, 1),
(280, 280, 15, 2),
(281, 281, 5, 4),
(282, 282, 8, 2),
(283, 283, 1, 3),
(284, 284, 11, 3),
(285, 285, 3, 1),
(286, 286, 17, 1),
(287, 287, 14, 4),
(288, 288, 17, 4),
(289, 289, 15, 2),
(290, 290, 9, 4),
(291, 291, 12, 1),
(292, 292, 11, 3),
(293, 293, 11, 1),
(294, 294, 14, 2),
(295, 295, 15, 2),
(296, 296, 9, 1),
(297, 297, 16, 2),
(298, 298, 14, 4),
(299, 299, 14, 1),
(300, 300, 17, 3),
(301, 301, 1, 1),
(302, 302, 10, 2),
(303, 303, 1, 4),
(304, 304, 2, 3),
(305, 305, 7, 1),
(306, 306, 4, 1),
(307, 307, 1, 4),
(308, 308, 7, 1),
(309, 309, 3, 2),
(310, 310, 16, 4),
(311, 311, 10, 2),
(312, 312, 1, 2),
(313, 313, 17, 1),
(314, 314, 2, 2),
(315, 315, 11, 4),
(316, 316, 12, 1),
(317, 317, 8, 1),
(318, 318, 1, 1),
(319, 319, 13, 2),
(320, 320, 7, 4),
(321, 321, 7, 4),
(322, 322, 17, 4),
(323, 323, 12, 4),
(324, 324, 14, 3),
(325, 325, 5, 1),
(326, 326, 5, 4),
(327, 327, 15, 4),
(328, 328, 11, 2),
(329, 329, 10, 3),
(330, 330, 15, 1),
(331, 331, 1, 4),
(332, 332, 2, 2),
(333, 333, 5, 3),
(334, 334, 6, 4),
(335, 335, 9, 4),
(336, 336, 12, 3),
(337, 337, 14, 4),
(338, 338, 12, 1),
(339, 339, 12, 1),
(340, 340, 1, 1),
(341, 341, 17, 3),
(342, 342, 14, 2),
(343, 343, 10, 3),
(344, 344, 16, 1),
(345, 345, 11, 2),
(346, 346, 8, 1),
(347, 347, 7, 3),
(348, 348, 1, 2),
(349, 349, 3, 4),
(350, 350, 15, 4),
(351, 351, 11, 1),
(352, 352, 13, 1),
(353, 353, 11, 4),
(354, 354, 6, 3),
(355, 355, 12, 2),
(356, 356, 2, 3),
(357, 357, 14, 1),
(358, 358, 6, 4),
(359, 359, 3, 2),
(360, 360, 6, 4),
(361, 361, 2, 2),
(362, 362, 2, 4),
(363, 363, 11, 1),
(364, 364, 12, 4),
(365, 365, 1, 1),
(366, 366, 15, 2),
(367, 367, 7, 3),
(368, 368, 2, 3),
(369, 369, 14, 2),
(370, 370, 6, 1),
(371, 371, 16, 2),
(372, 372, 9, 1),
(373, 373, 8, 4),
(374, 374, 4, 1),
(375, 375, 10, 3),
(376, 376, 7, 2),
(377, 377, 16, 3),
(378, 378, 1, 4),
(379, 379, 13, 3),
(380, 380, 7, 2),
(381, 381, 2, 2),
(382, 382, 4, 1),
(383, 383, 2, 1),
(384, 384, 7, 3),
(385, 385, 17, 3),
(386, 386, 2, 3),
(387, 387, 2, 3),
(388, 388, 4, 3),
(389, 389, 15, 1),
(390, 390, 5, 2),
(391, 391, 7, 4),
(392, 392, 4, 3),
(393, 393, 13, 3),
(394, 394, 17, 2),
(395, 395, 11, 4),
(396, 396, 5, 1),
(397, 397, 4, 4),
(398, 398, 2, 2),
(399, 399, 8, 1),
(400, 400, 8, 2),
(401, 401, 17, 4),
(402, 402, 7, 1),
(403, 403, 12, 4),
(404, 404, 5, 3),
(405, 405, 4, 2),
(406, 406, 2, 2),
(407, 407, 14, 2),
(408, 408, 13, 2),
(409, 409, 15, 2),
(410, 410, 8, 2),
(411, 411, 9, 1),
(412, 412, 4, 2),
(413, 413, 5, 3),
(414, 414, 15, 3),
(415, 415, 14, 3),
(416, 416, 3, 2),
(417, 417, 2, 4),
(418, 418, 14, 2),
(419, 419, 17, 3),
(420, 420, 9, 4),
(421, 421, 15, 3),
(422, 422, 3, 4),
(423, 423, 11, 2),
(424, 424, 17, 4),
(425, 425, 7, 3),
(426, 426, 11, 3),
(427, 427, 3, 2),
(428, 428, 3, 3),
(429, 429, 9, 3),
(430, 430, 11, 1),
(431, 431, 13, 1),
(432, 432, 15, 4),
(433, 433, 13, 2),
(434, 434, 13, 4),
(435, 435, 5, 3),
(436, 436, 12, 3),
(437, 437, 12, 3),
(438, 438, 2, 3),
(439, 439, 2, 2),
(440, 440, 15, 1),
(441, 441, 2, 3),
(442, 442, 8, 4),
(443, 443, 6, 4),
(444, 444, 3, 3),
(445, 445, 1, 4),
(446, 446, 3, 2),
(447, 447, 6, 4),
(448, 448, 6, 4),
(449, 449, 8, 3),
(450, 450, 10, 1),
(451, 451, 15, 4),
(452, 452, 8, 1),
(453, 453, 7, 4),
(454, 454, 15, 3),
(455, 455, 6, 1),
(456, 456, 2, 4),
(457, 457, 3, 1),
(458, 458, 11, 2),
(459, 459, 5, 2),
(460, 460, 2, 3),
(461, 461, 11, 1),
(462, 462, 5, 2),
(463, 463, 5, 1),
(464, 464, 14, 2),
(465, 465, 14, 3),
(466, 466, 8, 2),
(467, 467, 1, 3),
(468, 468, 5, 1),
(469, 469, 5, 3),
(470, 470, 5, 1),
(471, 471, 10, 4),
(472, 472, 2, 3),
(473, 473, 16, 3),
(474, 474, 13, 1),
(475, 475, 6, 1),
(476, 476, 14, 1),
(477, 477, 11, 4),
(478, 478, 8, 4),
(479, 479, 16, 2),
(480, 480, 15, 1),
(481, 481, 16, 4),
(482, 482, 7, 4),
(483, 483, 11, 3),
(484, 484, 17, 1),
(485, 485, 11, 4),
(486, 486, 15, 1),
(487, 487, 14, 1),
(488, 488, 1, 2),
(489, 489, 16, 3),
(490, 490, 2, 4),
(491, 491, 3, 2),
(492, 492, 2, 1),
(493, 493, 8, 4),
(494, 494, 10, 4),
(495, 495, 17, 4),
(496, 496, 12, 4),
(497, 497, 12, 4),
(498, 498, 6, 4),
(499, 499, 8, 3),
(500, 500, 17, 2),
(501, 501, 13, 1),
(502, 502, 12, 3),
(503, 503, 5, 2),
(504, 504, 9, 1),
(505, 505, 13, 1),
(506, 506, 7, 3),
(507, 507, 4, 3),
(508, 508, 5, 4),
(509, 509, 11, 3),
(510, 510, 8, 4),
(511, 511, 15, 4),
(512, 512, 14, 2),
(513, 513, 4, 2),
(514, 514, 4, 2),
(515, 515, 10, 3),
(516, 516, 16, 4),
(517, 517, 12, 3),
(518, 518, 17, 2),
(519, 519, 9, 1),
(520, 520, 12, 3),
(521, 521, 1, 2),
(522, 522, 7, 3),
(523, 523, 5, 3),
(524, 524, 5, 2),
(525, 525, 10, 1),
(526, 526, 4, 2),
(527, 527, 12, 2),
(528, 528, 9, 3),
(529, 529, 15, 1),
(530, 530, 13, 2),
(531, 531, 1, 3),
(532, 532, 3, 3),
(533, 533, 1, 3),
(534, 534, 16, 1),
(535, 535, 1, 2),
(536, 536, 11, 1),
(537, 537, 8, 2),
(538, 538, 12, 3),
(539, 539, 6, 1),
(540, 540, 12, 2),
(541, 541, 11, 1),
(542, 542, 8, 2),
(543, 543, 2, 2),
(544, 544, 14, 2),
(545, 545, 12, 2),
(546, 546, 9, 3),
(547, 547, 17, 2),
(548, 548, 4, 2),
(549, 549, 4, 3),
(550, 550, 3, 4),
(551, 551, 2, 3),
(552, 552, 12, 4),
(553, 553, 17, 1),
(554, 554, 9, 2),
(555, 555, 14, 3),
(556, 556, 9, 2),
(557, 557, 13, 4),
(558, 558, 8, 2),
(559, 559, 4, 4),
(560, 560, 16, 2),
(561, 561, 4, 4),
(562, 562, 5, 4),
(563, 563, 15, 4),
(564, 564, 16, 2),
(565, 565, 15, 3),
(566, 566, 14, 3),
(567, 567, 10, 3),
(568, 568, 6, 4),
(569, 569, 12, 1),
(570, 570, 9, 3),
(571, 571, 12, 1),
(572, 572, 14, 4),
(573, 573, 10, 3),
(574, 574, 15, 2),
(575, 575, 8, 3),
(576, 576, 6, 3),
(577, 577, 16, 3),
(578, 578, 4, 4),
(579, 579, 14, 1),
(580, 580, 1, 4),
(581, 581, 17, 4),
(582, 582, 2, 2),
(583, 583, 10, 2),
(584, 584, 16, 1),
(585, 585, 13, 4),
(586, 586, 2, 4),
(587, 587, 17, 1),
(588, 588, 4, 2),
(589, 589, 2, 1),
(590, 590, 15, 2),
(591, 591, 10, 4),
(592, 592, 14, 2),
(593, 593, 6, 1),
(594, 594, 3, 3),
(595, 595, 5, 1),
(596, 596, 10, 3),
(597, 597, 3, 1),
(598, 598, 4, 1),
(599, 599, 6, 2),
(600, 600, 8, 2),
(601, 601, 7, 3),
(602, 602, 4, 3),
(603, 603, 7, 1),
(604, 604, 8, 2),
(605, 605, 16, 3),
(606, 606, 7, 4),
(607, 607, 10, 4),
(608, 608, 13, 4),
(609, 609, 1, 4),
(610, 610, 2, 1),
(611, 611, 17, 1),
(612, 612, 3, 1),
(613, 613, 6, 4),
(614, 614, 14, 3),
(615, 615, 7, 3),
(616, 616, 9, 4),
(617, 617, 7, 1),
(618, 618, 16, 2),
(619, 619, 4, 3),
(620, 620, 16, 1),
(621, 621, 8, 1),
(622, 622, 17, 3),
(623, 623, 8, 1),
(624, 624, 1, 2),
(625, 625, 2, 4),
(626, 626, 13, 3),
(627, 627, 3, 1),
(628, 628, 4, 2),
(629, 629, 2, 4),
(630, 630, 5, 2),
(631, 631, 9, 2),
(632, 632, 9, 1),
(633, 633, 16, 1),
(634, 634, 2, 3),
(635, 635, 6, 2),
(636, 636, 12, 3),
(637, 637, 6, 3),
(638, 638, 11, 4),
(639, 639, 11, 1),
(640, 640, 8, 3),
(641, 641, 7, 1),
(642, 642, 11, 2),
(643, 643, 3, 4),
(644, 644, 6, 2),
(645, 645, 11, 3),
(646, 646, 2, 2),
(647, 647, 9, 4),
(648, 648, 5, 4),
(649, 649, 16, 3),
(650, 650, 7, 2),
(651, 651, 11, 1),
(652, 652, 6, 1),
(653, 653, 1, 4),
(654, 654, 11, 1),
(655, 655, 4, 1),
(656, 656, 15, 1),
(657, 657, 17, 1),
(658, 658, 15, 2),
(659, 659, 13, 2),
(660, 660, 15, 2),
(661, 661, 9, 3),
(662, 662, 11, 3),
(663, 663, 7, 1),
(664, 664, 9, 2),
(665, 665, 13, 2),
(666, 666, 11, 3),
(667, 667, 5, 2),
(668, 668, 6, 1),
(669, 669, 13, 2),
(670, 670, 14, 4),
(671, 671, 5, 2),
(672, 672, 7, 1),
(673, 673, 13, 3),
(674, 674, 4, 2),
(675, 675, 5, 3),
(676, 676, 2, 4),
(677, 677, 17, 2),
(678, 678, 1, 2),
(679, 679, 8, 1),
(680, 680, 15, 1),
(681, 681, 15, 4),
(682, 682, 10, 3),
(683, 683, 4, 3),
(684, 684, 2, 3),
(685, 685, 3, 4),
(686, 686, 1, 3),
(687, 687, 1, 1),
(688, 688, 9, 1),
(689, 689, 5, 1),
(690, 690, 13, 3),
(691, 691, 11, 1),
(692, 692, 15, 3),
(693, 693, 9, 2),
(694, 694, 2, 4),
(695, 695, 3, 3),
(696, 696, 4, 2),
(697, 697, 14, 3),
(698, 698, 8, 1),
(699, 699, 7, 4),
(700, 700, 13, 2),
(701, 701, 10, 1),
(702, 702, 11, 2),
(703, 703, 13, 2),
(704, 704, 17, 4),
(705, 705, 13, 1),
(706, 706, 1, 4),
(707, 707, 1, 1),
(708, 708, 3, 2),
(709, 709, 11, 4),
(710, 710, 17, 2),
(711, 711, 14, 3),
(712, 712, 5, 3),
(713, 713, 14, 1),
(714, 714, 9, 2),
(715, 715, 13, 1),
(716, 716, 17, 1),
(717, 717, 17, 4),
(718, 718, 12, 3),
(719, 719, 5, 2),
(720, 720, 3, 3),
(721, 721, 14, 1),
(722, 722, 4, 1),
(723, 723, 11, 1),
(724, 724, 6, 3),
(725, 725, 3, 3),
(726, 726, 10, 3),
(727, 727, 1, 2),
(728, 728, 2, 1),
(729, 729, 17, 2),
(730, 730, 5, 2);

-- --------------------------------------------------------

--
-- Table structure for table `detail_transaksi`
--

CREATE TABLE `detail_transaksi` (
  `id_detail` int(11) NOT NULL,
  `id_transaksi` int(11) NOT NULL,
  `id_barang` int(11) NOT NULL,
  `qty` int(11) NOT NULL
) ENGINE=InnoDB DEFAULT CHARSET=latin1;

--
-- Dumping data for table `detail_transaksi`
--

INSERT INTO `detail_transaksi` (`id_detail`, `id_transaksi`, `id_barang`, `qty`) VALUES
(1, 1, 1, 3);

-- --------------------------------------------------------

--
-- Table structure for table `kategori`
--

CREATE TABLE `kategori` (
  `id_kategori` int(11) NOT NULL,
  `nama_kategori` varchar(125) NOT NULL
) ENGINE=InnoDB DEFAULT CHARSET=latin1;

--
-- Dumping data for table `kategori`
--

INSERT INTO `kategori` (`id_kategori`, `nama_kategori`) VALUES
(1, 'Kategori A'),
(2, 'Kategori B'),
(3, 'Kategori C'),
(4, 'Kategori D'),
(5, 'Kategori E'),
(6, 'Kategori F');

-- --------------------------------------------------------

--
-- Table structure for table `pengguna`
--

CREATE TABLE `pengguna` (
  `id_pengguna` int(11) NOT NULL,
  `nama` varchar(125) NOT NULL,
  `alamat` text NOT NULL,
  `no_hp` varchar(20) NOT NULL,
  `username` varchar(125) NOT NULL,
  `password` varchar(125) NOT NULL,
  `level_pengguna` int(11) NOT NULL
) ENGINE=InnoDB DEFAULT CHARSET=latin1;

--
-- Dumping data for table `pengguna`
--

INSERT INTO `pengguna` (`id_pengguna`, `nama`, `alamat`, `no_hp`, `username`, `password`, `level_pengguna`) VALUES
(1, 'Admin', 'Kuningan', '089981232123', 'admin', 'admin', 1),
(2, 'Supplier 1', 'Kuningan', '08512232123', 'supplier', 'supplier', 3),
(3, 'Gudang', 'Kuningan', '089987654543', 'gudang', 'gudang', 2),
(4, 'Pemilik', 'Kuningan', '08991232123', 'pemilik', 'pemilik', 4);

-- --------------------------------------------------------

--
-- Table structure for table `transaksi`
--

CREATE TABLE `transaksi` (
  `id_transaksi` int(11) NOT NULL,
  `id_pengguna` int(11) NOT NULL,
  `tgl` varchar(20) NOT NULL,
  `total_bayar` varchar(20) NOT NULL,
  `stat_pembayaran` int(11) NOT NULL,
  `bukti_bayar` text NOT NULL,
  `stat_transaksi` int(11) NOT NULL
) ENGINE=InnoDB DEFAULT CHARSET=latin1;

--
-- Dumping data for table `transaksi`
--

INSERT INTO `transaksi` (`id_transaksi`, `id_pengguna`, `tgl`, `total_bayar`, `stat_pembayaran`, `bukti_bayar`, `stat_transaksi`) VALUES
(1, 2, '2024-04-25', '30000000', 1, 'Ini-Dia-Bukti-Transfer-Mandiri-Dari-ATM-mBanking-dan-Internet-Banking-Mandiri-1.jpg', 4);

--
-- Indexes for dumped tables
--

--
-- Indexes for table `analisis`
--
ALTER TABLE `analisis`
  ADD PRIMARY KEY (`id_analisis`);

--
-- Indexes for table `barang`
--
ALTER TABLE `barang`
  ADD PRIMARY KEY (`id_barang`);
COMMIT;

/*!40101 SET CHARACTER_SET_CLIENT=@OLD_CHARACTER_SET_CLIENT */;
/*!40101 SET CHARACTER_SET_RESULTS=@OLD_CHARACTER_SET_RESULTS */;
/*!40101 SET COLLATION_CONNECTION=@OLD_COLLATION_CONNECTION */;
